Barrio,Edad,Sexo,Mes,Dia,Hora
16 DE ABRIL,0.013934476335743006,-0.3228365699542656,-8.687680433134814,0.0448771146780902,0.12320925781654393
17 DE SEPTIEMBRE,-0.1232556662505167,0.04022752761072583,-0.13198427229691334,-0.052267917795089824,-0.06878090355904708
2 DE SEPTIEMBRE,-0.14922945482751582,-0.07563309613214532,-0.18014597796124213,-0.0228796034693391,-0.07565132028777125
20 DE ENERO,-0.09594765078489952,-0.39599681686693383,-0.08682131901479738,-0.05939624155706423,-0.07917169325982167
20 DE JULIO,-0.073086075792802,-0.7349854968470665,-0.10320027032102097,-0.03460168360391544,-0.04151609308338396
20 DE JUNIO,-0.21064614164062953,0.19385623657669507,-0.2197521739463245,-0.01705974217463172,-0.15971829895855758
20 DE NOVIEMBRE,-0.21599317305929636,-25.53840775634153,-0.04083670335807565,-0.03213137946918164,-0.11543031943334446
28 DE MAYO,-0.12549790863777588,-0.12043871873459401,-0.23258596865788203,-0.09495929251315577,-0.09522849915708113
6 DE ENERO,-0.11534561109548981,-0.26121564142563086,-0.09498619881659603,-0.07209752235508729,-0.0806598061103378
6 DE FEBRERO,-0.15525256650758246,-1.6211612293919981,-0.20579650351176848,-0.031463966762915074,-0.06667470813845754
7 DE AGOSTO,-0.08217063043960764,-0.46619792414000566,-0.13387233127801854,-0.03665424291479333,-0.07062011834704346
ALCALDIA NUEVA,-0.16500678983049444,-0.8289964281568478,-0.19517533641635815,-0.048451050158016436,-0.11385792111362278
ALFONSO LOPEZ,-0.07542357506442635,-0.5045154670386572,-0.09361722580592342,-0.039572675514081355,-0.06726073671368502
ALMACENES ARA CENTRO CLL 23,-0.1246226221798682,-0.9918201384011748,-0.19414057189058537,-0.07620631298819756,-0.1942643262645077
ALTO DEL ROSARIO,-0.07985093200857549,-0.30389658291178856,-0.0941811137541071,-0.08061952341235475,-0.08862122140999516
ALTO FORD,-0.086276979119397,-0.7386785479269945,-0.09533830259768936,-0.07107232329584035,-0.12375336713748078
ALTOS DE LA SABANA,-0.10805459996479092,-0.3595269483922602,-0.07253758983364426,-0.030406897222567144,-0.08074679682707422
ALTOS DE SAN REMO,-0.11548002641632003,-1.2146415224260045,-0.13204961060512402,-0.09959263937518009,-0.1290535888873847
ANTONIO NARIÑO,-0.07014105075946822,-1.1133833050339266,-0.21210366174336154,-0.12790330167477637,-0.16442050321035898
ARGELIA,-0.06933281550374717,-0.5425435284361095,-0.13801379664006388,-0.03813405024158611,-0.050240181115039396
ATENA,-0.19563265885532677,-0.37871733089549486,-0.3792563544816158,-0.06320819009028776,-0.0752308327838472
AV OKALA SECTOR TRANSPORTE PUEBLOS,-0.06434044712958324,-1.1358730567840825,-0.1984837545642419,-0.10141704967952475,-0.09661275623307634
AV. LA PAZ CALLE 33,-0.10060858463048276,-0.05878462046516345,-0.12868553142616437,-0.0692174714435429,-0.07125198292412525
AV. LAS PEÑITAS,-0.05224945714414398,-0.0779741251981574,-0.10355447738646688,-0.038553788347362374,-0.03605192237483442
AV. LOS ESTUDIANTES,-0.05277440508452234,-6.012530502753854,-0.44914740821906207,-0.2707021130697471,-0.38625650176068393
AV. LUIS CARLOS GALAN,-0.06392153726549242,-0.06724912994603557,-0.24521095546628363,-0.04431726592177808,-0.06988723403077739
AV. MARISCAL SUCRE,-0.082334520930175,-0.5374173917750743,-0.12831931891474838,-0.075708278159308,-0.10735347271298998
AV. OKALA,-0.06692561610428734,-0.14627059478937587,-0.14839460189859172,-0.05851911631868113,-0.06309884495165353
BARLOVENTO,-0.09794994093626122,-0.7439458585164479,-0.11977661362606525,-0.0414709901276587,-0.06939686817472661
BELLA ISLA,-0.13770557593724464,-0.6087631795450669,-0.25745324477540993,-0.04122885879857415,-0.06514110625221989
BELLA VISTA,-0.14832701528780814,-1.0685372199986412,0.04122690951198167,-0.09943014992189371,-0.08744726130268543
BETHEL,-0.16245076181617688,-1.5882814236515013,-0.06666546984874633,-0.08376388338577495,-0.1472626127235394
BITAR,-0.11313028129614203,-0.3708874074165583,-0.1794120360805435,-0.04089708635770536,-0.07597416644239366
BOGOTA,-0.12244154067649975,-0.39773725120292786,-0.08255151274907538,-0.01849607261624828,-0.08491570173462784
BOLIVAR,-0.10701329002103574,-0.39325622272292476,-0.15766155801227377,-0.048677924070812305,-0.0787335258678518
BOSTON,-0.057040492799282735,-0.7313344528880644,-0.10878074582470565,-0.05984954051417798,-0.06661286176474536
BOTERO,-0.08351467325891601,-0.2535177484708518,-0.13547977921049761,-0.023181735696139134,-0.08378977222678306
BRISA MARINA,-0.14167413527411649,-1.30302751506514,-0.3515685561550766,-0.05604696286653483,-0.12873810442434208
BUENOS AIRES,-0.08487858810231512,-1.2298263724063025,-0.10225243152858374,-0.10512105695075992,-0.16113735446755145
CALIFORNIA,-0.08509838926359241,-1.839712427181519,-0.22152811266600977,-0.04708270031984608,-0.08270111195731078
CALLE CAUCA,-0.07588721394104861,-0.1287966276562558,-0.11273458511934241,-0.045328776804880344,-0.07296437372322936
CALLE CHACURY,-0.08200545054188248,-0.17440663259711692,-0.16772901757166278,-0.07855043484756917,-0.09006135483900707
CALLE CHARCON,-0.07190987109509049,-1.471601910954949,-0.2647315933150751,-0.12088177102195145,-0.15753339010144898
CALLE DEL COMERCIO,-0.07022969672402885,-0.8593979296850125,-0.16266670463792907,-0.09449011144789407,-0.14018587492379225
CALLE EL CAMPO,-0.09836106661250549,-0.7416401822964211,-0.17178465557282635,-0.07553503265633817,-0.05135426571182157
CALLE FLORES,-0.08955709335083394,-0.31182280036239346,-0.1553192870205033,-0.08727863138496945,-0.0995819553702738
CALLE LA MANGA,-0.21495632347781732,-22.520435966971,-0.3557798157001589,-0.0036147119002466247,-0.06203157373989281
CALLE LA PAJUELA,-0.05842320229636523,-0.3067043381589028,-0.1091554776129767,-0.04830217494843055,-0.07439479424155887
CALLE NARIÑO,-0.07869405859156449,-0.6898568057647335,-0.21918591196186007,-0.05534492770095036,-0.13373755638182563
CALLE REAL,-0.1292100352620793,-46.69223691985208,-0.11456516883102036,-0.11075195686509642,-0.20078344146933258
CALLE SANTANDER,-0.10594347143749125,-1.0037374648943027,-0.14418025039752047,-0.048115549379774775,-0.10707747141544158
CALLE SUCRE,-0.14186183940870956,-0.5383255859399495,-0.14750223582015634,-0.08655395709472503,-0.04178887192661044
CAMILO TORRES,-0.06747006867462137,-0.19470385759336323,-0.09827588710955176,-0.05521861196942561,-0.06942417428227635
CAMPO ALEGRE,-0.16567490981722824,-0.670957590278711,-0.30097454682487024,-0.018412546737040375,-0.13599585339507847
CARIBE,-0.082357950046594,-0.3330836220972624,-0.1278232572000072,-0.07265308278109557,-0.10188627600018921
CARRIZAL,-0.27064097748290555,0.4156106147191577,0.14739486665038268,-0.48793202787141793,-0.09226359218287328
CASERIO LA GARITA,-0.10794928892480819,-0.6479672442586858,-0.29397066889760826,-0.09756373289542906,-0.05970677588758317
CASERIO VILLA ROSITA,-0.11547756803206692,17.82745706405038,-21.999443476841765,0.057133078864758685,-0.004861054503523829
CEMENTERIO LA ESPERANZA,-0.21812103764475507,-19.22726549496345,0.0654511014850857,-0.14997152839236672,-0.04793466202443991
CENTRO,-0.013818633326030276,-0.3959038928171149,-0.07921207708095815,-0.02594229127611976,-0.05932144753458068
CENTRO COMERCIAL GUACARI,-0.14903169284584655,-0.987069625134478,-0.13688718855578763,-0.008793181596957054,-0.09845979278426756
CENTRO COMERCIAL VIVA SINCELEJO,-0.19019442526103617,-60.113468704242436,-0.16782448271740172,-0.030537277390383904,-0.09334345571663892
CENTRO RECREACIONAL BELLA VISTA RURAL,-0.18938183814487755,-19.07091336180225,-0.6291771314785112,-0.03803675370715081,-0.06696892254464581
CERRITO COLORADO,-0.12519034202506135,-0.12443212114193626,-0.1210836182000066,-0.08332881397374171,-0.09626906562257256
CERRITO LA PALMA,-0.16777156100371488,-0.2296026876830897,-0.07944675974508342,-0.06071748906374103,-0.09335901250625209
CERRO DEL NARANJO,-0.08210777254475543,-0.4811404612879762,-0.5920285776153289,-0.11979805258286585,-0.5294929596022809
CGT. LA PEÑATA,-0.1511854472094492,-0.26584060642029195,-0.2329645898442625,-0.217174201857547,-0.04350042650072869
CGT. SAN MARTIN,-0.10639973762672744,-0.5954415219602609,-1.8867353767240012,-0.09565560939852934,0.014849673936339824
CGT.VILLA ROSITA,-0.18191227713074054,-0.2984434739709762,-0.16665287037204488,-0.043193998741922895,-0.10304681542397447
CGTO BAJO GRANDE,-0.44454227636411814,-5.973620240029453,-0.03363047598204716,-1.9687931989883203,-0.03928250982785997
CGTO BUENAVISTA,-0.22246452204511794,-1.1034788561409867,-0.01295574798930414,-0.2073573245920674,-0.012478905967384473
CGTO CHOCHO,-0.0907900905148656,-0.575370570890235,-0.2100254756198647,-0.07737148105877686,-0.0710810953160182
CGTO CRUZ DEL BEQUE,-0.12073902974294164,-0.9232204728067276,-0.07603301448006858,-0.07809331347776965,-0.1507658510525353
CGTO LA ARENA,-0.10687267234238455,-0.6391066355903259,-0.22466327427547114,-0.121575592302096,-0.1188959418855247
CGTO LA GALLERA,-0.12403636146344717,-0.48579161436222107,-0.11007697038057151,-0.04487292158494264,-0.048187553116265346
CGTO LAGUNA FLOR,-0.1632978821175105,-1.0289690476657545,-0.00677389631259678,-0.19544128491924823,-0.06882080456606146
CGTO LAS HUERTAS,-0.28543486396950446,0.6480432009924736,-0.38843289092253924,-0.03164854837570803,-0.04505323755940716
CGTO LAS MAJAGUAS,-0.09895440767080943,-0.17649996945369126,-0.36430898174769666,-0.09141265563424356,-0.12486275774886381
CGTO LAS PALMAS,-0.15602492103655097,-0.3250070521930759,-0.18138040676596268,-0.08267093082069833,-0.07709998931072203
CGTO SABANAS POTRERO,-0.15054963583055067,-0.4434748229357403,-0.18491033839867319,-0.04013423343898338,-0.13539174457224798
CGTO SAN ANTONIO,-0.10923705624983059,-0.04411939424968529,-0.26790399324242187,-0.18870751301486685,-0.14417263886845036
CGTO. BUENAVISTA,-0.1829502438459677,-0.5308404342905534,-0.18154627831254266,-0.10493725603584395,-0.1280733749868346
CGTO. BUENOS AIRES,-0.09565232648240822,-13.968664180080282,-0.5490482665520918,-0.5104931832592748,-0.07664291851658536
CGTO. CASTAÑEDA,-0.1661839097116599,-0.021101482732235485,-0.2523313724239007,-0.07802685109075555,-0.14680343465712037
CGTO. CHOCHO,-0.1161700619143029,-0.26237627195501484,-0.14885857442707326,-0.09015185558649072,-0.08236586556950301
CGTO. CRUZ DEL BEQUE,-0.1496717458638438,0.01618006231551325,-0.5541568825448531,-0.07260558306680537,-0.046630456026157605
CGTO. EL CERRITO,-0.11571394614089162,-0.9547626524007765,-0.75877312379876,-0.07059587656211656,-0.11429489132387906
CGTO. LA ARENA,-0.15544629645008556,-0.025892786700689868,-0.3192011698202932,-0.15375875139525064,-0.14973063278514606
CGTO. LA CHIVERA,-0.12397470974117543,0.016258921197789763,-0.7847299099197442,-0.0684383392401832,-0.11883910542422679
CGTO. LA GALLERA,-0.11021739799173018,-0.4817332434228661,-0.12953270108847842,-0.062157272289930204,-0.09171312373009459
CGTO. LA PEÑATA,-0.09418540279386257,-0.022307555699993164,-0.5385280389897356,-0.07174715545099325,-0.5576786126117962
CGTO. LAGUNA FLOR,-0.3577813062509346,0.6848549556326546,-0.6656919691816956,0.08587065206623201,-0.04080523794768813
CGTO. LAS MAJAGUAS,-0.12220345266262189,-0.49902794221072344,-0.7530281491479235,-0.08165165757268274,-0.013526260939403966
CGTO. LAS PALMAS,-0.12976441486165807,0.18562297504318756,-0.1815553690341559,-0.20159737919142615,-0.06022814804637692
CGTO. SABANAS POTRERO,-0.11386269758059064,-0.8624185822593203,-0.1180518912404335,-0.1332086081728914,-0.24333011328429227
CHAPINERO,-0.24957261982316178,-0.2088985280581019,-0.10756351570332957,-0.016623936324251798,-0.16715088744345355
CHUCHA BARATA,-0.21809414751020773,0.27923434620043946,-0.07044297646447181,-0.0678246589605601,-0.16757824976204058
CHUPUNDUN,-0.13784169699085513,-0.09255751610231645,-0.4599739382710973,-0.35553635443083437,-0.038117644137850897
CIELO AZUL,-0.10156867361709908,0.23154554564659044,-0.25742797211238094,-0.03840836399038464,-0.1195591194219152
CIUDAD JARDIN,-0.09069341907019586,-0.5613412566644588,-0.12691140305277468,-0.05457724895975012,-0.07564586315990048
CIUDAD SATELITE,-0.0843822880033968,-0.6685108218120459,-0.20763979809285615,-0.054184038612574356,-0.0727267802923409
CIUDADELA SUIZA,-0.08690109715998186,-0.9837300187737412,-0.141291579838887,-0.04245365659455437,-0.04019718921441702
CIUDADELA UNIVERSAL,-0.13689491712756524,-0.7391468320969811,-0.14472593587987453,-0.12970615495694024,-0.13754395157916788
CIUDADELA UNIVERSITARIA,-0.0835516642850614,-0.15247073765684757,-0.0975855875238302,-0.04147600783074096,-0.09682344495451431
CLÍNICA LA CONCEPCION,-0.08832652602035686,-1.0221238099443366,-0.2904744476663345,-0.0886798366425211,-0.19319389757534222
COCUELO,-0.1135886659444071,-1.2396678370141492,-0.19713427317195628,-0.06317045791939929,-0.10247455347201209
COLEGIO PARAMERICANO SALIDA A COROZAL,-0.034403435712451726,14.539983144073567,-18.66018240295432,0.04505425750936966,-0.5101682944201179
CONJUNTO LAS ACASIAS CALL 33,-0.1311325663725056,-12.915405038683687,-0.015411854311266161,-0.1875894861747341,-0.4936144006886345
COQUERITA,-0.14182322778784545,-24.725311098513615,-0.13607567545535884,-0.20508864519099168,-0.11751223509543253
COREA,-0.14885998005470233,0.07841261832832667,-0.3230539172179191,-0.13601616900491725,-0.03510426697841067
COSMOCENTRO,-0.13026670020298545,16.94692691529152,-23.457827401855447,-0.11734625852041904,0.3072060778542134
COSTA AZUL,-0.09195447625089881,0.09104646438872609,-0.18342815922298664,-0.07662651956503325,-0.06314100063723788
CRISTO VIENE,-0.10596650361599233,-0.3343559297485174,-0.2532009478557203,-0.04237063830462901,-0.1325191118525383
CRUZ DE MAYO,-0.10768835493374807,-0.3094606781120656,-0.15040865458980546,-0.042008898373668606,-0.07646885175783838
CRUZ DEL COLORADO,-0.07683103153915208,-1.031451459297041,-0.2107358249304642,-0.06164060247101313,-0.12228403605661138
CRUZ ROJA,-0.10154654856093129,-0.07593056934333044,-0.2606010959909931,-0.2833613856383791,-0.075096624240416
CUATRO VIENTOS,-0.08032034643249009,-0.8128500353242544,-0.24958569184672724,-0.07970185780855651,-0.11838527127811331
DIAMANTE ORIENTAL,-0.5966886441287859,-5.367161583536931,-1.037459583562229,-0.7201369983020227,0.31914717515162305
DIVINO  SALVADOR,-0.1265928789674525,-0.07450698648409629,-0.11526627908898081,-0.05087118896342837,-0.08539965904066672
DIVINO NIÑO,-0.11799491399737709,-0.5990724831508906,-0.15487013809841813,-0.02582306137604362,-0.10293843017105532
DON CAPRI,-0.1576161455098988,-0.5411667266319328,-0.08801543285046014,-0.05806705509293015,-0.13329019514437815
DULCE NOMBRE,-0.11229993385705271,-0.7809790253428133,-0.07791522023306699,-0.045110326541817757,-0.053985885171659025
EL BOLSILLO,-0.07655887340344347,-0.34572186313695097,-0.882050679701053,-0.07615307250667315,-0.7594388423237497
EL BONGO,-0.11825613409972188,-0.8409320060217431,-0.16146322297477808,-0.04625874541309493,-0.06011867598645369
EL BOSQUE,-0.07527309735843184,-0.496046821349102,-0.10506542926060068,-0.0436046394735083,-0.07763817539973598
EL BRUJO,-0.13956990043223538,-0.25340150468866496,-0.1647813699070303,-0.10453174251728221,-0.2484547170685859
EL CABRERO,-0.09165281229528979,-0.19119207155849943,-0.17115595098896594,-0.05433246268117646,-0.10229970739239981
EL CARMEN,-0.18129525572627195,-0.28748208733799796,-0.10355281472322053,-0.04295661458779253,-0.07976498548955184
EL CINCO,-0.10075084840682123,-0.35737423209373476,-0.24032861114157433,-0.04797228340940172,-0.10845363063964278
EL COCUELO,-0.12328855686336111,-0.49878241751437735,-0.3543178956523647,-0.0526673280868556,-0.11592076783801152
EL COLISEO,-0.1428012487379725,-0.4923478708916644,-0.06454557187151982,-0.02272058364743104,-0.09282422140437538
EL CORTIJO,-0.06081961189816761,-0.6528533156385944,-0.08700155717816994,-0.03612191011234227,-0.060446187302669686
EL EDEN,-0.09615189816972906,-1.0623163436084049,-0.16290454231587317,-0.07390549613319079,-0.11810806017310903
EL MAIZAL,-0.06957597954246929,0.03881820941870621,-0.1288652554179145,-0.05082938278233093,-0.07978400231108869
EL MARAÑON,-0.11181332463006358,-1.2829227926660125,-0.2693709204423029,-0.07226868635366313,-0.06021370419295495
EL MINUTO DE DIOS,-0.1448137749677555,-0.4216799233085691,-0.0834915912003278,-0.0721129332399398,-0.11706781384756293
EL MIRADOR SALIDA TOLU,-0.11178374460997988,-0.3292324303532981,-0.17541122740385678,-0.051421549556702494,-0.04237661523979234
EL OLIMPO,-0.12703144542971978,-0.7157923913761925,-0.1880780350815246,-0.04512957515386947,-0.07273514356200943
EL POBLADO,-0.10492863942469904,-0.004284064140366508,-0.1363164534321795,-0.06959115639384233,-0.06531844163299237
EL PORVENIR,-0.09690301515667345,-0.7534640787940421,-0.09158710355541955,-0.03473015967712795,-0.1158271737135903
EL PRADO,-0.16735774600820755,-0.6964069834904592,-0.15642124210674027,-0.07191304912279545,-0.0020693330370004986
EL PROGRESO,-0.09146305036992783,-0.5167705196591799,-0.11694518685403141,-0.022692761633263565,-0.07457885281590694
EL RECREO,-0.07690460293981778,-0.8772761237564201,-0.12793375361474396,-0.047293664239720826,-0.09142526414501369
EL ROSARIO,-0.2041077887204014,0.05622960808242982,-0.16988721424692593,-0.010846551954151216,-0.2310581189145972
EL SALVADOR,-0.08846549062676975,-0.44128216069590914,-0.1349365920685416,-0.06890516158183835,-0.09170595048008358
EL SOCORRO,-0.06521131276203226,-1.095658898987488,-0.1382589843032914,-0.04236354607494825,-0.0896220675759585
EL TENDAL,-0.08334762677692595,-0.6096864277445103,-0.16138837290043392,-0.2266228003838607,-0.09925443112661506
EL VERBENAL E-1,-0.23427559038584694,-20.857985155089914,-0.18092235267469522,0.025109014736487988,-0.15994508750143158
EL ZUMBADO,-0.06800856346916276,-0.6221180956363771,-0.1883040170120206,-0.05362916205928304,-0.06157718288029662
ESPAÑA,-0.08052259845770532,-0.5690751527364485,-0.17610019010998693,-0.033945627543523274,-0.06276597284371438
ESTACION SINCELEJO,-0.16625327372256,-1.1882456275571278,-0.011361396511846034,-0.14292519573578713,-0.1721926257093489
EXITO CENTRO,-0.15051778577043082,-0.26497066984815004,-0.06439411944815758,-0.07227949042921031,-0.09664430594542334
EXITO VIVA SINCELEJO,-0.11835848300186434,-0.7960468165841141,-0.11278188322782419,-0.04140830222587031,-0.07862431822313562
FATIMA,-0.09144199551521567,-1.4151440483885336,-0.21996830425959557,-0.06556910643437913,-0.08859941394583806
FLORENCIA,-0.045132678645287125,-0.9753610497369123,-0.10453502592279644,-0.040326660776120356,-0.06267106268109077
FORD,-0.041224860560807715,-0.7697840137513732,-0.12845277181390868,-0.04573842273329342,-0.07340761799292277
GAITAN,-0.08422002345770786,-0.6661749607936963,-0.1181920034892686,-0.03752108321703285,-0.08349729687571092
GRAN CENTRO EL PARQUE,-0.11727553252912813,-1.3364993512883059,-0.09361593359926608,-0.09870825250585775,-0.09777950059205402
INCORA,-0.21177631578957914,-1.4926314967899124,-0.26237042063901855,-0.02040389546939167,-0.023221036917257052
INDEPENDENCIA,-0.08920857742099264,-0.22805201525816493,-0.34741331700886685,-0.0729178655262945,-0.11570177101907368
INVACION LA PALMA,-0.08842784782905376,-1.4330940048021852,-0.20096346536731036,-0.07707852592660178,-0.11373094180570643
JARDIN,-0.11202396334641235,0.0460725986531952,-0.5122504969781817,-0.25831943032770643,-0.15976335732836103
JORDAN,-0.12375327777476741,0.1213876053049202,-0.17652823673333842,-0.11499382266072855,-0.5793574207197916
JOSE GERMAN,-0.0784461610778533,-1.2918284895560184,-0.3840135490090879,-0.09833789884786442,-0.12586534527603319
JUAN BOSCO.,-0.1895610982472856,-0.5264676399217816,-0.1387869811226782,-0.02219078553936588,-0.06639699402731314
KENNEDY,-0.08076282243083391,-0.7918757352258105,-0.11683944613507183,-0.03419067812510912,-0.05797885735500166
LA BASTILLA,-0.11069575873738091,-1.4949205906743477,-0.1170879135687813,-0.03533904593502155,-0.11919030555903425
LA BUCARAMANGA,-0.0950016476129091,-0.6454379061712789,-0.11821353533771958,-0.038172557289724074,-0.06635636042422646
LA CAMPIÑA,-0.09462727427215653,-0.6749087928829566,-0.14056525954132168,-0.04078927454258417,-0.09174490073289654
LA CANDELARIA,-0.10566558343471749,-0.17871449301233883,-0.2483393019662846,-0.07990976937128358,-0.12864018121344778
LA ESMERALDA,-0.1626071088983418,-0.5719692554849974,-0.17786249873051915,-0.09758726011346924,-0.09788018370877653
LA ESPERANZA,-0.1294297682610052,-0.5763026766605023,-0.10335199765244688,-0.020805901384313336,-0.05977323421569176
LA ESTRELLA,-0.33921488352819923,-15.050051919786577,-0.238447247205595,0.06955286723581393,-0.024664485788390925
LA FE,-0.08490915491091416,-0.2520942092800868,-0.10690105405526895,-0.0673564012112908,-0.07829713716107793
LA FLORESTA,-0.1489367734108911,-0.3711469367400875,-0.1650071972625896,-0.09113045637546707,-0.19710292212860053
LA FLORIDA,-0.11314843135626315,0.13462433362950735,-0.6178960992721493,-0.07312204211881107,-0.27006009311933793
LA GRAN COLOMBIA,-0.07873835693572455,-0.5197530449946417,-0.09723331595372663,-0.038776661207427746,-0.08745515455949002
LA LUCHA,-0.1027781801844347,-0.8476844286497689,-0.20251831730062472,-0.07294656945663501,-0.08550185127194057
LA MANO DE DIOS,-0.09140961736220049,-0.30752154425600225,-0.11071579545030644,-0.029429226875656724,-0.09466876796803339
LA MARIA,-0.06980479877354528,-0.7430798758351193,-0.09283243829536668,-0.042363098585510434,-0.07081744974498291
LA NARCIZA,-0.09547655372945527,-0.6750259416672258,-0.11690463981957638,-0.06221259734804368,-0.04117542094400891
LA NORMAL SUPERIOR SINCELEJO,-0.07550768781683845,-27.625330888457036,-0.13796489362271372,-0.6235795550958525,-0.1852595482035383
LA PALMA,-0.048151131501223875,-0.6908488178443084,-0.1257710431154288,-0.040831403600588796,-0.05836907777477607
LA PALMA  SECTOR LOS BLOQUES,-0.15093695395412268,-0.735337238582121,-0.13325441562596352,-0.03341869891592829,-0.08652158111990095
LA PAZ,-0.1398045800533387,-0.6272478778064208,-0.13730900521601014,-0.04883183330627877,-0.12832647889913493
LA PEÑATA,-0.13321006558064863,-0.05216432143029396,-0.2393245811947049,-0.03342661772769328,-0.1344537477902821
LA POLLITA,-0.08823763596914261,-0.24445227609026834,-0.17538171037109915,-0.06569459457088513,-0.0803270265179772
LA PRIMAVERA,-0.1761625549280535,0.3566332283302676,-0.1442686256100531,-0.14014205321696702,-0.1034476536419169
LA SELVA,-0.06840981618744309,-0.9146508144540674,-0.12454281928714496,-0.028157030152295575,-0.06234808220758835
LA TERRAZA,-0.08228308010677256,-0.8556053221936861,-0.1318484938179676,-0.023956761926776864,-0.04531206839912936
LA TRINIDAD,-0.10729914206481041,-0.10232730939354405,-0.10245719637743114,-0.030757776132859745,-0.06748354099146674
LA UNION,-0.07370101196301333,-0.37467629577502265,0.012228058018506398,-0.047218050455160365,-0.23874496917229368
LA VEGA,-0.09516991065895332,-0.47663619813244373,-0.09375935093829856,-0.03903613828010177,-0.08976140072369147
LA VICTORIA,-0.11953237194895733,-0.18611887601253221,-0.17187858674016318,-0.0483763666790356,-0.07221806553159062
LAS AMERICAS,-0.08226745973808795,-0.3619749075706306,-0.1037313797786777,-0.023812635197747005,-0.07201131025828979
LAS ANGUSTIAS,-0.23713118648529258,0.5620737056243175,0.016863530250242603,-0.06988223091691417,-0.24945341043576547
LAS BRISAS,-0.13691756212765896,-0.5530086533627214,-0.27771281507023793,-0.06177585856175035,-0.08309761018038613
LAS CANARIAS,-0.14040289281960397,0.40898618019322097,-0.2226600236094931,-0.04695050300998325,-0.16080219986358613
LAS DELICIAS,-0.07544194163152732,-0.30354722348999924,-0.13079995739057088,-0.07108850677643852,-0.06930382031309704
LAS FLORES,-0.15210721758975174,-0.16614736763068452,-0.2779262435286621,-0.06350549067927751,-0.0617977497404465
LAS GAVIOTAS,-0.11558852197904747,-0.8507307202666852,-0.31533884525679473,-0.05927735790140641,-0.07116352824179292
LAS MARGARITAS,-0.06105692041481715,-0.47934891852502326,-0.11559330902364406,-0.05971780936711781,-0.07876756199454332
LAS MARGARITAS VIEJAS,-0.1389086602122871,0.06773769728264478,-0.1843190199125262,-0.08523727896416358,-0.18194427078725584
LAS MERCEDES,-0.07296197245029946,-0.39362744987014586,-0.11326773762275914,-0.03365874568014064,-0.07356947293371219
LAS PISCINAS SALIDA TOLU,-0.1901746840211846,-1.0720549703269242,-0.12829778835714864,-0.13891368533355866,-0.046285238971741485
LAS VACAS,-0.1310942990102176,0.37561545759036985,-0.4865400882957849,-0.03910870763459695,-0.08325561026767883
LIBERTAD,-0.11604190507596311,-0.884126559700403,-0.10056810284276631,-0.048369840568940545,-0.101689911008969
LOS ALPES,-0.09208004594245846,-0.6145121890063874,-0.19922452945427943,-0.042046947912160064,-0.10773519355325613
LOS ANDES,-0.11455458815458112,-0.5752639743938902,-0.2049442826746602,-0.03750475447266865,-0.07309912230485852
LOS LAURELES,-0.07235307921600935,-0.3324035706818475,-0.13858202597769648,-0.04914047126473345,-0.1087484663052778
LOS LIBERTADORES,-0.08092302588725547,-0.6356298686630114,-0.16835738624624041,-0.057622501116062916,-0.060547156904226775
LOS ROSALES,-0.23466788090792948,0.5165979040225437,-0.10252537665746972,0.02929849792875442,-0.07512570189787612
MAJAGUAL,-0.05422100410960196,-0.4929742446540711,-0.11090887178718221,-0.03761074616677833,-0.03744827762863324
MEDELLIN,-0.13844544823442542,-0.34460572505020937,-0.17004880563408112,-0.07379148507968744,-0.09046637738413375
MEDIA LUNA,-0.12470013609555698,-0.8331807637514969,-0.1737890813045743,-0.022164445045905746,-0.07253060174750973
MOCHILA,-0.06436804375201853,-0.43894319749671223,-0.1260439777847018,-0.04364867926006561,-0.059553333024571886
MORAVIA  C-4,-0.20976710727971792,-0.19927859388952862,-0.06272456088894933,-0.04701694801335807,-0.35524210852392263
NORMANDIAZ,-0.11251447472586393,-0.37793568186734733,-0.0863421977915396,-0.05714046252097333,-0.08107192331595629
NUEVA ESPERANZA,-0.1516351592024959,-1.1890656252180203,-0.08119942020838175,-0.017931879627822035,-0.08457118260281439
NUEVA ISLA,-0.05036572287947354,-18.508795309153875,-0.5737822526595515,-0.1485513270247329,-0.25784516260683643
NUEVO BOLIVAR,-0.15801901105814292,-0.7183824499552,-0.1144399815123501,-0.019526177154835626,-0.12263141334050366
NUEVO MAJAGUAL,-0.08138128940807426,-0.7366228156420787,-0.10957360750209715,-0.038223010079454285,-0.081870618876583
NUEVO MEXICO,-0.11549092175423857,-0.6478813017619279,-0.055837906900546366,-0.05333766430575992,-0.07231524546349809
NUEVO PIONEROS,-0.10600042299718793,-0.7374704473363897,-0.16094121595211144,-0.04441478029693002,-0.08276136691248703
OLAYA HERRERA,-0.14543903168824074,-0.05795718047263779,-0.08770198244722661,-0.06183642524954624,-0.12094168673723898
OLIMPICA CALLE EL CAUCA,-0.12955226548513768,-0.5005399719043594,-0.1511602760086766,-0.10940939164265144,-0.11546630013332361
OLIMPICA CENTRO,-0.2789619218134682,-18.03247419655669,-0.10340039330875296,0.03013842758792906,-0.11843918592462709
OLIMPICA SAO AV. SAN CARLOS,-0.16485979938307055,-0.5109536040060949,-0.22472830493509055,-0.136246617888522,-0.04357204280589115
OLIMPICA SAO CALLE LA PAJUELA,-0.10798699815089376,-0.6391041970722583,-0.19996886850358786,-0.07466380911775858,-0.09131912520673365
OLIMPICA SAO GUACARY,-0.1810013841999623,-19.973414365775806,-0.9666850532519525,0.0820992594281202,-0.08693558295401105
PABLO SEXTO,-0.09380116930088171,-0.43566723098167165,-0.0770986079276687,-0.044734544211634565,-0.0849811770906852
PALERMO,-0.06337588937714718,-0.7602590429838056,-0.13935112051202173,-0.06456526851424482,-0.06492726995601583
PARAISO PUERTA ROJA,-0.058213486953740214,-0.6744039976927088,-0.18133949475462366,-0.1091005632325808,-0.12845981651825691
PARAISO SAN CARLOS,-0.1378411728103435,-1.2537300125083972,-0.1378430877540273,-0.034216880032497114,-0.10399394918661153
PARQUE INDUSTRIAL,-0.1258507677293696,-0.24175411827709556,-0.20392584104497127,-0.2153970636006742,-0.12905162084838118
PARQUE LA FORD,-0.36206631249617566,-33.29793886125368,-0.3781878250936701,0.17594570422213324,-0.18478517561038982
PARQUE LOS PERIODISTAS,-0.146201238070654,-0.9399270434503553,-0.1681729887422825,-0.11818308088302419,-0.04032085215576993
PARQUE SANTADER,-0.06436882857630966,-0.2943978621172468,-0.21726488623357063,-0.11086529277480431,-0.11744336987317497
PASA CORRIENDO,-0.11095029769971479,-0.39653412851371744,-0.1644838124364046,-0.04848171818036766,-0.09913833130511684
PETACA,-0.09097911818917181,-0.3869878314367971,-0.2793502938260582,-0.0795713677892249,-0.10751802999462434
PINAR,-0.10495971875833085,-0.2882825861276705,-0.1791793774935842,-0.028364727088758705,-0.09351283649289495
PIONEROS,-0.06616390828296247,-0.6563724366994172,-0.09912832263696747,-0.02652491897110703,-0.061179691395008846
PLAZA MAJAGUAL,-0.10970465894750664,-0.376652495406724,-0.2826394705800912,-0.048780044633735496,-0.038902132926395064
POR REPORTAR,-0.22387013801151295,0.19711050861911705,-0.18339095626849025,-0.13115630687663066,-0.09540583160223347
PORVENIR,-0.12083389183089917,-0.27475410770037956,-0.19303583103244656,-0.08428209124059452,-0.06367749872884464
POZO MAJAGUAL PARQUE,-0.11429118228432308,-0.9182209231613935,-0.1269618871390299,-0.09217518631137021,-0.11665059939510657
PUENTE PINTADO,-0.08180195861603741,-0.3598343459546912,-0.3417640700640248,-0.31697779933792025,-0.1487620022204709
PUERTA ROJA,-0.09541982755593971,-0.3818736302036194,-0.05424505620634225,-0.036763701655262805,-0.05040840204461494
PUERTO ARTURO,-0.13745852683447243,0.22427112670125882,-0.06920086176106396,-0.04908271026732066,-0.10712512197797065
PUERTO ESCONDIDO,-0.07306216369684258,-0.7821095237917662,-0.17305173516300307,-0.05374410797275718,-0.0955038310925733
PUNTO NORTE,-0.153538068840344,-1.1703423540349924,-0.15509086298436936,-0.07297217673461498,-0.09014736537115682
RAPIDO OCHO TRANSPORTES,-0.13591363970293097,0.7195784503551048,-0.6265680083381511,-0.26320958703630165,-0.047802071349065174
RETEN VIEJO,-0.11385165899231375,-0.7678739979941419,-0.12039770254830466,-0.12902355254057762,-0.1811752995269127
RITA ARROZOLA,-0.09397917241674349,-0.7297377596110468,-0.1163544419953822,-0.03847190799367199,-0.111928463319898
ROMPOY  LA PALMA,-0.0957226929664734,-0.8578697855617957,-0.3853750333484364,-0.16141337002741157,-0.10801382024272488
RUBY,-0.053929215108561454,-0.8581733777153284,-2.0304889386617293,-0.116719572962174,-0.06260012924421642
RURAL EL REBOMBEO,-0.15227023377809912,-0.32960663414422264,-0.2297616401668588,-0.03501699470290131,-0.07660004177540136
RURAL LA SIERRA VIA TOLU,-0.12932913712219532,-0.5737777888427362,-0.2399905507057578,-0.0689685232611867,-0.08356032697487627
RURAL SINCELEJO,-0.08502744151163513,-0.35683777692039526,-0.20000967738661726,-0.06819973345867567,-0.0805589630773669
RURAL VARIANTE DE OCCIDENTE SINCELEJO,-0.10670729480829758,0.736528432141438,-0.5523760629320998,-0.12585440226519184,-0.14186132833029863
RURAL VIA COROZAL,-0.23246892391952587,1.0098201445724704,-0.15574119602491945,-0.12950085821610094,0.014207682508016966
RURAL VIA SAMPUES,-0.17768808505405634,-0.12790108702005584,-0.24461118685680164,-0.06897032842277567,-0.038030271319535056
RURAL VIA TOLU,-0.08877466344283816,-1.7975157280263498,-0.289690388852225,-0.06502487501105622,-0.105860734800714
SALIDA A CHOCHO,-0.11827780179865498,-1.6041621752621835,-0.08270291283782966,-0.15358333916999112,-0.1006436510683843
SAN ANTONIO,-0.0772037516722912,-0.6090417171158418,-0.11433739569839638,-0.04793713179495199,-0.0416014984777077
SAN CARLOS,-0.08318496201855442,-0.4270617814993705,-0.1055649980880033,-0.019717450350376992,-0.05371024807540769
SAN FRANCISCO,-0.07801204538912983,-0.8156464219199211,-0.12367639201865319,-0.04363922600479713,-0.06209928159319582
SAN JOSE,-0.08776232731714324,-0.7292812440743044,-0.14947328395125367,-0.03899277707759799,-0.10506141980341789
SAN LUIS,-0.09486113724424496,-0.7044781263604605,-0.06128468307824608,-0.021782684305039494,-0.07006393238906644
SAN MIGUEL,-0.09318260371179891,-0.6356537508354616,-0.17589055657254102,-0.08136372040791566,-0.10758303819321674
SAN NICOLAS,-0.33907923055909756,0.2019135309403207,-0.168425986016945,0.059760882807282346,-0.061300181054489096
SAN RAFAEL,-0.13900208462266533,-0.3705617819853067,-0.24793287628673727,-0.009553630452836803,-0.15560169684167566
SAN ROQUE,-0.09891724969729786,-0.6766648653928509,-0.1872484275044688,-0.014632355415550285,-0.10826241389143222
SAN VICENTE,-0.07754709247902414,-0.5766176263805548,-0.13263169306569744,-0.040712971438839764,-0.051782382536829576
SANTA CATALINA,-0.0855237050343345,-0.8286706642023909,-0.13834100394187832,-0.02358656713024124,-0.0885812188696955
SANTA CECILIA,-0.08558141084621922,-0.11435647889083665,-0.16002988288975845,-0.03594583019871795,-0.08553420471207789
SANTA FE,-0.10524466142576902,-0.9624183825417115,-0.10648749745931427,-0.040868543431480234,-0.059931777384221514
SANTA MARIA,-0.0993038196955989,-1.1675567630877066,-0.10852695328229495,-0.06058900444698409,-0.04719513482002465
SANTA MARTHA,-0.11808773782862139,-0.7015747012848905,-0.1215117334167004,-0.05600046855087136,-0.12424495169429252
SANTAFE,-0.10416468857426077,-2.5336667930526446,-0.365636863299858,-0.035997703825986646,-0.11221594406428102
SANTANDER,-0.17580680665302548,-39.30998517091393,-0.2634776500195045,-0.10778374019789999,-0.0779945773379155
SECTOR ALCALDIA (TRONCAL),-0.07131931743932955,-0.6317265906225131,-0.2229928885589812,-0.04269632044969477,-0.08885565955276817
SECTOR BODEGAS ARTURO CUMPLIDO,-0.10670477269888953,0.04512357394641295,-0.22911929208193316,-0.03475463214722148,-0.11155083780337578
SECTOR CECAR,-0.12123768880653091,-0.41371863473984266,-0.13527923183969232,-0.032143241471330186,-0.08394627517402017
SECTOR CEMENENTERIO LOS ANGELES,-0.3396528763599373,0.37411264435364616,-0.18274268704285235,0.009627236293691586,-0.0319748219347125
SECTOR CEMENTERIO CENTRAL,-0.11707515215641663,-0.4781435012212195,-0.29584515877741735,-0.08236706838744796,-0.06629840745462129
SECTOR COLEGIO LAS MERCEDES (TRONCAL),-0.10072087915392808,-0.18876337658468414,-0.2409175314417917,-0.0490259263243251,-0.11054812266510179
SECTOR COMANDO DE POLICIA SUCRE,-0.1528825384816852,0.20608183348808576,-0.16833180221014887,-0.8285753623610207,-0.02223625671755239
SECTOR COMPUTADORES DE LA COSTA,-0.09135465398869862,-1.1228772741842508,-0.26267975591980913,-0.08187512546379129,-0.19238537956404145
SECTOR CORRALEJA SINCELEJO,-0.1040191936583669,14.40646928242719,-16.67622816545327,-0.1852637040877157,0.06879984585270793
SECTOR EL LAGO YULIMAR,-0.21597933762943142,-0.5100840765627267,-0.03433701198162916,-0.06799437443368009,-0.08948880916884112
SECTOR EL PESCADOR,-0.10431362878219806,-0.4181355979410975,-0.17348765918853912,-0.0570928752858266,-0.05773737334131759
SECTOR EL SANDRA,-0.1463423439778395,-0.8201945020578865,-0.2233841105897906,-0.17136133621335914,-0.10737618477329781
SECTOR ELECTRO CARIBE MAJAGUAL,-1.070368514100955,-4.2327997851906725,-2.3190413565468364,0.07505057330524988,-0.5787872773287865
SECTOR GOBERNACION,-0.11215631811255669,-0.7714370531551968,-0.20875698926401934,-0.035322006625222724,-0.10235220958869881
SECTOR LABADERO EXITO SANFRANCISCO,0.05725519008077728,-18.593405037434938,-0.7063954854640024,-3.7944398198836438,-0.11270996822612646
SECTOR LOS JUZGADOS,-0.09360987310036827,-0.5401628922515026,-0.3518667197696234,-0.07408545619382234,-0.1530361882081929
SECTOR LOS MOTELES,-0.16819943373037466,-0.6964914739123738,-0.46684461011717265,0.014767688800148,-0.04281887501204703
SECTOR LOS ROSALES,-0.2189112672220026,0.7001544557053792,-0.18113591298891354,-0.020363439924391276,-0.12716316499088565
SECTOR LOS TRONCOS,-0.12273025136264802,-1.103418118458134,-0.159018125547487,-0.09493112982916058,-0.07385103153343214
SECTOR MEDICINA LEGAL (TRONCAL),-0.08088587933832782,-1.0019278376913734,-0.16159772186206636,-0.23148237341170544,-0.14908166345032153
SECTOR MERCADO VIEJO,-0.05133938295609619,-1.200032519489892,-0.2804329449095086,-0.1676037411927514,-0.18771750852524033
SECTOR MUEBLES JAMAR,-0.24447144758282013,0.7446987630892514,-0.28269465604489624,0.036080455078869395,-0.1802097016695215
SECTOR OLIMPICA BOSTON,-0.16869535532965957,0.012394944512283072,-0.062010113002848824,-0.10699377482544872,-0.16138838043282575
SECTOR PLAZA DE MERCADO ELPAPAYO,-0.044126965659056376,-0.24538871484560482,-0.13686994127137111,-0.07273230897273875,-0.10619441179116194
SECTOR POSTOBON,-0.1912853457037975,0.32347411525273023,-0.06938997375779708,-0.0214061200948889,-0.06764145153402502
SECTOR POZA DEL CHORRO,-0.17277936526896684,-0.7443033318013558,-0.2516809516769192,-0.09162545719339923,-0.10248771602554106
SECTOR RABO ALZADO,-0.19448943206930272,-18.806586720757345,-0.08555175538866495,-0.22267656187436752,-0.02576316441850914
SECTOR RATON BORRACHO,-0.1889847015849089,-0.4232931895133493,-0.23752442150125752,-0.08816969719919154,-0.03282795454047451
SECTOR RELLENO SANITARIO,-0.10524348152749845,-0.2456078052599575,-0.2514994799332918,-0.10367596007195126,-0.10760460048742615
SECTOR SALIDA A SAMPUES,-0.09157782895248238,0.03702755290228191,-0.2404504093544918,-0.045869061382722315,-0.08797790858073021
SECTOR SALIDA A TOLU,-0.0847706515995576,-0.34144144024237194,-0.1120556812407399,-0.04764998639040292,-0.09195870513573473
SECTOR SALIDA COROZAL,-0.10314814097010237,-0.12441534573678008,-0.1730263905089243,-0.04087977309203462,-0.11201132023813118
SECTOR SANIDAD PONAL,-0.02316533167646527,-24.905332863891303,-0.23529108785547687,-3.2401164792199317,-0.010159394604577288
SECTOR SIMON ARAUJO,-0.11726055176286118,-0.0643566600449644,-0.13790561147324254,-0.03785741534150239,-0.08969061715018964
SECTOR ZAPATO ROJO,-0.13100600241284518,-2.4499310374261736,-0.2127170296854158,-0.053437549487813304,-0.0801966280712104
SEVILLA,-0.07612023591816099,-0.9676423232019139,-0.07213532277417935,-0.036382898216020906,-0.06067834922635929
SIERRA FLOR,-0.09397109781528044,0.2022154079756224,-0.16478218217677992,-0.10391073139129768,-0.0805870175513326
SIMON BOLIVAR,-0.08663956661170108,-0.6354178350748569,-0.1478661181277377,-0.0685193111585186,-0.14340083693311223
SINAI,-0.10325328623721534,-0.6659741330901403,-0.13841050585633843,-0.03847402966689467,-0.1451798620217878
SINCELEJITO,-0.07928928997535027,-0.697390281054958,-0.22801124486475383,-0.0798139434992502,-0.08244050031691053
SUPER MERCADO SURTI MAX,-0.04562497663395709,-18.469551056534055,-0.07448901763166313,-1.938248373872742,-0.10475298463914352
TEATRO MUNICIPAL,-0.12953750568246358,0.1440496878376274,-0.13871838527609814,-0.08903651484128537,-0.12828446451356562
TERMINAL DE TRANSPORTE LUZ,-0.20121286053218065,-0.23453807058576642,-0.20137785677973907,-0.026529760550582634,-0.26248975016055126
TERMINAL DE TRANSPORTE RAPIDO OCHOA,-0.19584943350125764,-0.31509715361360763,-0.2621740157437519,-0.009242373111099643,-0.273725557012041
TERMINAL DE TRANSPORTE TORCOROMA,-0.09284812678065903,-19.501375395958366,-0.5916105763348727,-0.18448341591376652,-0.11891345205723655
TERMINALES TRANSPORTES BRASILIA,-0.07483791557312085,-0.3909877739042162,-0.17647753151025533,-0.04496310370684469,-0.06165072074759973
TIERRA LINDA,-0.11158743861663104,-0.5095756105966924,-0.12218933269176177,-0.04465003872202105,-0.09627626297593102
TIERRA PROMETIDA,-0.13100972772766564,-0.06665563273766495,-0.1990666240039285,-0.056771439456090346,-0.07948082672995778
TODO PODEROSO,-0.18208905082515456,0.31900194873575416,-0.22977239636214136,-0.08457420994606628,-0.14833004678975087
TRIPA LARGA,-0.13653747656801898,-1.655519545173782,-0.9114430213170128,-0.02294337424198956,-0.01989843141375997
TRONCAL OCCIDENTE,-0.11438565207202533,-0.6211512328648052,-0.11008392163270428,-0.04163248796400172,-0.061934773316615205
UNIVERSIDAD DE SUCRE,-0.11351196975700951,-0.7471239061410051,-0.0945432403083063,-0.06504023243516885,-0.08529872972019356
URB LA TOSCANA,-0.07183317201983529,-0.8112263697216249,-0.1894624228917958,-0.03722194822895718,-0.09560239308461779
URB MIRADOR DE LA SABANA,-0.3494236553869164,0.2923553947418353,-0.12876656931441333,0.0911899448600616,-0.265999683351629
URB. BUENOS AIRES,-0.09892145603927169,-0.6585801826469305,-0.1536617894725996,-0.12102482214492012,-0.20537684325930716
URB. CENTRAL,-0.1087941875824735,-1.09789322597759,-0.13602574714345075,-0.028762191160995272,-0.07773053443547978
URB. EL MIRADOR,-0.13842962824700758,-0.5638963439725487,-0.4101903163090136,-0.054286249795588694,-0.1286619762527854
URB. IPANEMA,-0.0802046444216664,-1.300560595742457,-0.11027564227660931,-0.08454589240931983,-0.07377592465067877
URB. LAS COLINAS,-0.0780013134979148,-0.7923366280438047,-0.13246704834081838,-0.036776627296668425,-0.05822120681017072
URB. LOS TEJARES,-0.07246286573558249,-0.7855746889552468,-0.15217630645625135,-0.06416223997831508,-0.05889401147194721
URB. MEDITERRANEO,-0.21583524881813704,-1.0305195677732646,-0.047284489568882496,-0.03904517920366675,-0.14632225640180851
URB. NUEVO HORIZONTE,-0.1400983098411631,-1.1148622881784096,-0.25468224798629713,-0.10522499853327423,-0.1380106609454445
URB. NUEVO PIONEROS,-0.18479719001473596,-45.2554329714213,-0.2162754983044729,-0.01645314848836726,-0.11146384254082763
URB. PONTEVEDRA,-0.1917729884250374,-0.1539287452207705,-0.10300172962540059,-0.023216358500779816,-0.1783659308707209
URB. QUINTAS DE ALEJANDRIA,-0.19055329252871697,-40.82129581313845,-0.19671729867889837,-0.06673593031598825,-0.04401711811628746
URB. SEVILLA,-0.1168672358986851,-0.3491663964432633,-0.07977182662271783,-0.08710637374153343,-0.27825791185972415
URB. TACALOA,-0.1097553734712597,-0.5601082171622038,-0.2065608187999877,-0.05696458640312284,-0.14027324167621563
URB. TIERRA GRATA,-0.12742890476464971,-0.3306716275125656,-0.10261335892724488,0.0008236722494664408,-0.10491900679400977
URB. TORRES BRISAS DE CONFASUCRE,-0.14127764431101006,-0.7698811897849637,-0.13650397674473916,-0.08614228727240095,-0.18477618304455834
URB. UNIVERSAL,-0.13023118856773325,-0.9665863921732686,0.007831647666377034,-0.1806243206141645,-0.07638667998975394
URB. UNIVERSITARIA,-0.17777301734168374,-1.4488342783434964,-0.005541713935649754,-0.08538392869944136,-0.1694579358170953
URB. VILLA COUNTRY,-0.13006820443828085,-0.7759637606127874,-0.10284530614823727,-0.0716203731405406,-0.08456876415183444
URB. VILLA NATALIA,-0.10471203876586195,-1.5856218614348667,-0.2208025117807795,-0.029108939577518467,-0.1324196670427129
URB. VILLA ORIETA,-0.08674134052706704,-0.22109113344507608,-0.23987311449949997,-0.025302367401970994,-0.09190887150190787
URB. VILLA PADUA,0.02909843559026077,-18.022999601615755,-4.901476891452119,-0.052919120994176755,-0.19328380107532148
URB. VITAR,-0.1420141605327214,-0.8658449123942192,-0.08693186269524093,-0.014564248549178248,-0.060664432809576896
URB.PROVIDENCIA,-0.28235938750999523,-17.85497329680654,-0.18305046964291755,0.024667214832871067,-0.059004331412196985
URIBE URIBE,-0.07652428206555448,-0.271218849814744,-0.1351928393037037,-0.06154929066283328,-0.0858797021571044
VALLEJO,-0.06631743311932942,-0.703366287838786,-0.17039225089587426,-0.07799045990694188,-0.1033079001803154
VENECIA,-0.05077173405712148,-0.6993120314611414,-0.13063127238784877,-0.07020532222181691,-0.09089178373248524
VENECIA VIEJA,-0.08967739405944292,-1.2722257543302407,-0.20760781137924247,-0.08117798770346604,-0.09712124860566201
VERBEL,-0.08585323492244608,-0.06593138044000584,-0.0993864412166594,-0.07702400800011378,-0.09539307930012786
VEREDA BUENOS AIRES 2,-0.24725453465127872,-1.063344853781435,-0.08056513940165894,-0.016588108309265062,-0.08164967013311641
VEREDA CASTAÑEDA,-0.13590799217006894,0.11759670061630574,-0.12086228116205534,-0.1038184656926509,-0.15408542662925137
VEREDA CERRITO LA PALMA,-0.14826160796904617,0.2673930130225239,-0.3009449828493855,-0.06058173628101006,-0.07301133688233115
VEREDA LA GULF,-0.2980924210222508,-15.090860186383939,-0.22586766654581675,0.08511877871180999,-0.14750180425376908
VEREDA LAS BRISAS,-0.11703528703839888,0.8169923982496745,-0.27270192555649725,-0.18164887903391394,-13.758654902482897
VEREDA LOMA DEL TIGRE,-0.21087828460076996,-0.5020714332412745,-0.1792631589426422,-0.024015345178785938,-0.18006449497167423
VEREDA MIRABEL,-0.2928568154548287,-17.404825579069403,-0.3336898847042373,-0.015760794109079053,0.040340380530059596
VEREDA MOQUEN,-0.3564280274791092,-0.20945854173182948,-0.2937492717308307,0.04790385458809148,-0.010091485322452529
VEREDA POLICARPA,-0.1481159438785718,-0.04083645300589371,-0.1268773371926911,-0.04956471732593662,-0.09144880989198383
VEREDA SAN MIGUEL,-0.12599780576825892,-0.3807657550000452,-0.274655556057305,-0.0976789102459646,-0.13256664549952923
VEREDA SAN NICOLAS,-0.1771407067587613,-0.9754040890189591,-0.24159866480009462,-0.053324075625250496,-0.0415209023836601
VEREDA SIERRA FLOR,-0.1364153281676393,-1.1072244792382397,-0.18115050457513773,-0.06809020816021562,-0.08893038782618172
VERSALLES,-0.1029501428964278,-0.3254871019920379,-0.07346289580472182,-0.03599434775508299,-0.06235318334297677
VIA A SAN ANTONIO DE PALMITO,-0.17792400542059103,0.13615658649563686,-0.18952474832541813,-0.21110803934082145,-0.13178196791413055
VIA SAN ANTONIO SECTOR PARAMO,-0.21092126928102126,0.37363887876288865,-0.619836445724375,-0.04768694765582143,-0.08482374325580876
VIDA,-0.10892437504607383,-0.5095972077720035,-0.2127758597930729,-0.03216335532369757,-0.11315298964511494
VIDA-2,-0.11513584359830419,-1.0859769945905688,-0.1100390861996053,-0.22477392360481077,-0.21812909394350552
VILLA  MADY,-0.07751737311104755,0.08676884147098751,-0.12056165899124206,-0.04437459697690478,-0.05948497773311459
VILLA ANGELA,-0.1280400368781691,-0.9587293071040259,-0.08358312867712488,-0.04052146655581043,-0.08113704859775758
VILLA CARMELA,-0.11744501720095209,-0.6265966510157243,-0.2011798242008617,-0.048175562584197244,-0.06415028586301944
VILLA CARMEN,-0.14399835822355012,-0.8545499886508457,-0.08923227241771647,-0.08810029738192253,-0.12795545845391273
VILLA JUANA,-0.1408491933625551,0.2387079692455217,-0.0732896627541266,-0.06163629237497977,-0.09315101947393305
VILLA KATY,-0.10751494246203414,-0.4311137211832855,-0.16400246342959932,-0.05916140784405322,-0.1735160418342573
VILLA MARIA,-0.1748596088268145,-0.24216397946847434,-0.5673855260350505,-0.02845795064814505,-0.1468358454316577
VILLA NAZARET,-0.30597355839498325,0.026127981289440945,-0.10761082603231432,0.03778273917137615,-0.1827804391807951
VILLA PAZ,-0.11668974305384566,0.05630564219318902,-0.21575098167316553,-0.04954137444876167,-0.052251676679711916
VILLA ROSITA,-0.1522382045114855,-0.632492362592032,-0.15183282398479991,-0.1220926412559042,-0.060931957136012224
VILLA SAUDY,-0.20466783793085697,-0.5675245466645762,-0.24597662809159646,-0.051290653200885675,-0.09881986990156057
ZONA ROSA,-0.1523542356394784,-0.2580970166223147,-0.1603839012591279,-0.03529917345607799,-0.10092543318102451
